f,dd,dq,qd,qq
1.0,-0.006564204846157951+0.03328747519418648j,-0.14035026583528204-0.095505820594951j,0.13978257341672112+0.09659932627386617j,-0.032506209803634084+0.03383085420748646j
1.25,0.001432702657439898+0.0414169626364224j,-0.16344966370661623-0.08881934431032593j,0.16326489979293396+0.09018299276428553j,-0.022948873889564493+0.04829888216833542j
1.5,0.009617592643876377+0.04592402107830439j,-0.1791315953108351-0.07942690952713846j,0.1793018585353115+0.08092361762451021j,-0.0115198458183677+0.056803464483174235j
1.75,0.01661578277877185+0.04809637438166392j,-0.18957337718179185-0.07000528117705007j,0.1900325657846427+0.07156305435550026j,-0.0011196194819865987+0.06109630082797996j
2.0,0.022346126368725072+0.049022148147592745j,-0.19664784031402988-0.061433271964408814j,0.1974180027361668+0.06287886026190624j,0.007697179207204259+0.06300586314522198j
2.25,0.026915474226377883+0.0493090994141718j,-0.20146058944441922-0.05405832942539893j,0.2024357874602896+0.05543657213554995j,0.01485972138618305+0.0635042859128122j
2.5,0.030494089523809137+0.04938693639559246j,-0.20489368136318678-0.047736408112963535j,0.20609991999578614+0.0490498751989353j,0.020478480378550754+0.06339508925768461j
2.75,0.03338093017346888+0.04936915021929097j,-0.20738420728721838-0.04220302767998704j,0.20865624027469662+0.04339424933796407j,0.02516427410105665+0.06298962779961705j
3.0,0.035731789764722514+0.04943828326940752j,-0.2092446608680093-0.037408511309933556j,0.21067051342945403+0.038495202919814425j,0.02887766345355309+0.06255329573060903j
3.25,0.03756039709458926+0.04958435180001779j,-0.21073168213595445-0.03315211739442364j,0.2121447782403448+0.03412034046753073j,0.031897274875413634+0.06219848809259187j
3.5,0.0391772805540528+0.04991080048484206j,-0.211818030132027-0.02936072770481271j,0.2134121472355498+0.03024774676008716j,0.03442877836483603+0.06191550969124091j
3.75,0.04046476380516188+0.05029985292472521j,-0.2127170677888945-0.026009795843052103j,0.2143592243297848+0.02684509533332535j,0.036578189697750264+0.06175683157071816j
4.0,0.041599032140404474+0.050763592209726614j,-0.2134623099740111-0.022942269705518353j,0.2151312294808694+0.02368695885463479j,0.03829191356072821+0.06171599337392799j
4.25,0.04254274012748702+0.05135947917366578j,-0.214033665563262-0.020131507385639347j,0.21571318318508967+0.020833315691922233j,0.03987609277277805+0.06176982012561968j
4.5,0.04340794697243668+0.05208209937889248j,-0.21455535453622063-0.017557399832960313j,0.21629784684850592+0.018216060991208267j,0.04118054846694692+0.06206229107617389j
4.75,0.04412754746435968+0.05283048522134732j,-0.21495990870750883-0.01519939989995514j,0.21673070210626302+0.015734792595300407j,0.04231412794942725+0.06235377684998747j
5.0,0.044786409223699454+0.05361063945197413j,-0.21530004468519176-0.01293730019538808j,0.21708310910923245+0.013396924942681831j,0.04331656846789432+0.0627822606163268j
5.25,0.04539867698231187+0.054580039852965764j,-0.21558234122409323-0.01081770856125397j,0.21735369833000207+0.01126665697874495j,0.04424433180249529+0.06326925165915309j
5.5,0.0459576234183063+0.05554285469893657j,-0.21588045491802438-0.008855377593523145j,0.2176535322114251+0.00920877692177448j,0.0450738173015548+0.06391803520548255j
5.75,0.04641629245559034+0.05659037420011234j,-0.21611404646173987-0.006973555265977205j,0.21789781440344194+0.0073158168973976164j,0.04579837276867059+0.06461823780677198j
6.0,0.04687709806490685+0.057684712335112014j,-0.2163660836825101-0.005218885939138745j,0.21817481414747528+0.005495237579199739j,0.04641508200875784+0.065379185356568j
6.25,0.047321979690209674+0.05879165334694787j,-0.21652663404066683-0.0035207632419237966j,0.21832968121977983+0.0036968764840406777j,0.04706575236394461+0.06621115243712222j
6.5,0.047714774471311096+0.05998720529036886j,-0.21669973396084674-0.0019207727009244446j,0.21854244069351283+0.002089750662670201j,0.04760075655705191+0.06712495742223852j
6.75,0.04810839970290513+0.06118237237094932j,-0.2168588425997269-0.00037701471248272056j,0.21864077628831713+0.00047771236304409965j,0.04813946457407079+0.06805448043968582j
7.0,0.048443793750871635+0.06238645399218582j,-0.21692285419396926+0.0011581807612856543j,0.21872593048818345-0.0011009234789650187j,0.04861280895464587+0.06896169741117816j
7.25,0.0488297454947319+0.06365626176347693j,-0.21709054355967974+0.0026388904057945417j,0.21892030527999476-0.0025913102823995012j,0.049105285870240545+0.07003010379253871j
7.5,0.04918659065961401+0.06498950819468935j,-0.21720917045213808+0.0040457603381646445j,0.2190376477422126-0.004058225112057688j,0.04956653283496591+0.07112925683544208j
7.75,0.04949612915285406+0.06629195530336295j,-0.21731012614191988+0.005385928675240542j,0.21911013700271392-0.0054361198467808j,0.049972129566155474+0.07221973968078038j
8.25,0.05011436096624925+0.06900559065436732j,-0.21747103836863005+0.007996359179835488j,0.21927430706090753-0.008122121561248571j,0.05077737632238677+0.07455244658380197j
8.5,0.05043837373016193+0.07038579128238186j,-0.2175660202486564+0.009265702917239216j,0.21936787100113747-0.009403269747037925j,0.05114524763932787+0.07572761408724614j
8.75,0.05073473666241365+0.07178870810760883j,-0.2176534995755402+0.010572368205176763j,0.21944165395485268-0.010730203585431405j,0.05151092886059343+0.07700800659419511j
9.25,0.051344999445164595+0.07465580819626325j,-0.2177575536556585+0.01294714130712682j,0.21955482983577027-0.01319091250150295j,0.05225627370150833+0.07953124283594645j
9.5,0.05165241737437221+0.07612225795028364j,-0.2178231385195784+0.014130748900709644j,0.2195939405660692-0.014395079401435841j,0.052594419453667746+0.0808738431094917j
10.0,0.05224408979021895+0.07902242561982635j,-0.2179676235215588+0.01640915851032307j,0.21971253459182602-0.016742249572755087j,0.05323949370742599+0.08347765957684637j
10.25,0.052557984406286964+0.08055080853105216j,-0.2179966771184965+0.017511451750067547j,0.21974963368160763-0.01788213990921319j,0.05360966416848356+0.08487473288523173j
10.75,0.05321035512141984+0.08351900635400418j,-0.2181407297327088+0.01973926689661956j,0.21986368221757613-0.02016863279076551j,0.054262649494035406+0.08760772314507001j
11.0,0.053459472427514844+0.08505203934856698j,-0.21817171770800234+0.020747835717793428j,0.21989912985728688-0.02120105975921219j,0.054610887389883206+0.08900188734504308j
11.5,0.05413991841917161+0.08814340050466919j,-0.21827076499509712+0.022972743866402273j,0.21998394893147347-0.023463926531089772j,0.05533452108139729+0.09190480737694037j
12.0,0.05479703504932948+0.091252407341598j,-0.21832694957530852+0.024994882472079066j,0.22001861272091147-0.025538286526813662j,0.05602854732828044+0.09477260985573409j
12.5,0.055423455648744104+0.09438164448168905j,-0.21840103058823918+0.027030313718525878j,0.22005653542294581-0.027605541349599833j,0.05668102554345056+0.09775887494807528j
13.0,0.056024430740786384+0.09744527477325576j,-0.21849907067443564+0.02907372476244577j,0.2201466845902566-0.02968630071566267j,0.057357394568665385+0.10066017916629144j
13.5,0.05671837242321566+0.10067716074236523j,-0.218595831728248+0.031015427954590363j,0.22022150479121022-0.03167433826200118j,0.05805713839662455+0.10372329147825408j
14.0,0.05755709923914279+0.10378438142722327j,-0.21864039790684225+0.033036370436671514j,0.22022389160413597-0.033727191131338666j,0.05889176182054602+0.10667798312344023j
14.5,0.05820633184148589+0.10696801613080813j,-0.2187169919841737+0.03491612633529467j,0.22028948833775028-0.03564788561309201j,0.059561583232891194+0.10969882106261349j
15.0,0.05901389051641316+0.11016546108295468j,-0.21875876069099398+0.03681650950446905j,0.22028302746640915-0.03757126734814937j,0.06035374676719327+0.1127865000393477j
15.75,0.06013287649599143+0.11504469683560455j,-0.21889887805989525+0.039720427729704105j,0.22039070800109248-0.040542303981551564j,0.06150017238605929+0.11745578296719858j
16.25,0.060863607569692+0.1182597873446683j,-0.21900187557180847+0.041523739436972296j,0.22047115558410496-0.042393692570929925j,0.062218388265436075+0.12051517599430533j
17.0,0.06229888703237496+0.12285041857454186j,-0.21895411006061694+0.04427494060432666j,0.22038488362373326-0.04518894964725692j,0.06365621147614184+0.12494865057879262j
17.5,0.06304669677229302+0.12636415734778578j,-0.21909870600588696+0.04624725880391528j,0.2204886985856348-0.04717143411756802j,0.06441210588797652+0.12839865837897613j
18.25,0.06445193390565851+0.131445206105926j,-0.21917784979365085+0.049144454527713516j,0.22052871710042074-0.050097365475908776j,0.06580560770920635+0.13333082000297353j
19.0,0.06580375685201262+0.13635378317080327j,-0.2192986752302686+0.051907526981704616j,0.22060731696791186-0.05290153412046456j,0.06713228069984453+0.13812924492653358j
19.75,0.06727714111156644+0.14140073381149784j,-0.21934791609909965+0.05477700765105342j,0.2206168564274431-0.055795323856964264j,0.06862438807379131+0.1430553988286041j
20.5,0.06874419604680583+0.14637948981591192j,-0.2194919948565299+0.0575675105169598j,0.2207037068666935-0.058626262690824806j,0.07003748828353548+0.14791361636559847j
21.25,0.07033755952084789+0.15137760864473068j,-0.21951054378658652+0.060363463276783214j,0.22070152562956874-0.0614459203307467j,0.07165393921006485+0.15280082423930985j
22.0,0.07200008076631238+0.1563191516225889j,-0.21957516659220133+0.0631657858585302j,0.22071180195137893-0.0642630714528569j,0.0732735985949689+0.15766190504961147j
23.0,0.07419690658783579+0.16303143403912757j,-0.2196758548611+0.06693790365011276j,0.22075939835496952-0.06806759270622437j,0.07547295422350772+0.16424344928429818j
23.75,0.07601240536186235+0.167920708850623j,-0.21974167160979277+0.0697040092577253j,0.22078538715417229-0.07086960903796606j,0.07723747681605916+0.16903661973837586j
24.75,0.07853894481625848+0.17478776220152478j,-0.2197436168927333+0.07355848626123554j,0.22072910924664318-0.07474253625920926j,0.07974869338766391+0.1758140469223468j
25.75,0.08046694006587421+0.18221970783174832j,-0.22005572693048994+0.07784461007379936j,0.2209775673372798-0.07904127019701203j,0.08162369523072383+0.18319249044171637j
26.75,0.08377095932642681+0.188058749986272j,-0.21987337055408146+0.08121288568193977j,0.22072757094730872-0.08243339599434345j,0.08488190419111238+0.1889289334552205j
27.75,0.08645784017229713+0.19472731627095285j,-0.219916274803435+0.08508560902906515j,0.22073850668629247-0.08631065585064236j,0.08759510302241022+0.19551408232674267j
28.75,0.0892791265345748+0.2014278573481869j,-0.21996819821411512+0.0890123206185611j,0.22074316244441744-0.09024593991189149j,0.09038677465663325+0.2021349574779231j
30.0,0.09307268005098923+0.2097255489263512j,-0.2199664104347857+0.09394541639347923j,0.2206726992635795-0.09519348683339938j,0.09413222639690397+0.21035485525435488j
31.0,0.09622526183845974+0.2163825234985783j,-0.21994774337377568+0.09795567636991831j,0.22060535813430138-0.09920280512014935j,0.09725865671951012+0.21696169569563695j
32.25,0.10034985061757579+0.22472078488895247j,-0.21989856391886872+0.10304012445104263j,0.22049728127670484-0.10429745016799154j,0.10134235389027244+0.22522948385083352j
33.5,0.10463033279883162+0.2330018049352531j,-0.21979744390420525+0.10818581171651703j,0.22034030736246465-0.10944751364718841j,0.105599152608857+0.2334380143029175j
35.0,0.11004347077924534+0.24291689503564265j,-0.21961625243392455+0.11448481242240105j,0.22009530782863534-0.11574749276935542j,0.1109780356589907+0.2432896690204344j
36.25,0.11477174837548129+0.2511571433413135j,-0.21943922371099722+0.11982197936222151j,0.21985377555703647-0.12108664782495143j,0.11565032956551874+0.25148563707212757j
37.75,0.12071637481688936+0.26098163260211754j,-0.21911843140676754+0.12636505399707001j,0.21947363732024083-0.12761379437061415j,0.12157190893233052+0.2612646420680186j
39.25,0.12695828600448017+0.2707672702934418j,-0.2187578534330512+0.13305908145459303j,0.2190314486154902-0.1342970071985296j,0.12775759781481175+0.27102636700664257j
40.75,0.13347617775744586+0.28050714009735866j,-0.2182528278000819+0.139862127147307j,0.21850357492604047-0.14110271437878916j,0.13426082084213598+0.2806781983719102j
42.25,0.14030784096528856+0.2901582455570956j,-0.21766665585890294+0.14681515345004634j,0.21786073802799208-0.1480516281329377j,0.14104928899582386+0.29028230454621207j
44.0,0.14865060658284926+0.30125328622855924j,-0.21682903228617834+0.15516375035091318j,0.21694500789156215-0.1563551210266505j,0.14937468157672135+0.3013821727427377j
45.5,0.15615988140337422+0.31071158006082983j,-0.2159822714976467+0.16245832508128882j,0.21604702070704762-0.16364748332456383j,0.15683821747955876+0.31080117447865774j
47.25,0.1653471237344135+0.32161467749841893j,-0.21479668000433286+0.17121621681582033j,0.21480960424538212-0.17240896302677627j,0.16596781975528+0.3216497940261759j
49.25,0.17633744889796144+0.33384178753075733j,-0.21317277485247604+0.18150372104022566j,0.21312700524690806-0.18264221836155742j,0.17694958837643898+0.333866985986306j
51.0,0.18644034655195696+0.34437254328591316j,-0.21148443443943749+0.19076547723445886j,0.2114046364986625-0.1918911887714013j,0.18703180406428746+0.3443521951201956j
53.0,0.19857305027353941+0.3560859236379672j,-0.20920828808252145+0.20161911925507284j,0.2090685301997298-0.20270959569690233j,0.1991310528136092+0.35604748560548455j
55.25,0.21288031693450596+0.3689192165431868j,-0.20623059224816337+0.2142128521589808j,0.20601238799116123-0.2152662374569309j,0.21339520369061463+0.3688804254142437j
57.25,0.226288130494715+0.3799816997222553j,-0.20307403208421498+0.22573661108776705j,0.20282407883381492-0.2267734479778573j,0.2267710778612981+0.3799015588762251j
59.5,0.2419042818426077+0.3920144136604706j,-0.1990670353474394+0.23912532355646066j,0.19876396725314308-0.2401216113241057j,0.24235748554795403+0.3919215745412097j
61.75,0.25866208382773953+0.4033334526547585j,-0.1941637096331581+0.252812709510395j,0.19381390276648114-0.25378489600750087j,0.2590816900814349+0.4032133672701551j
64.25,0.2778747825694691+0.4153018879411626j,-0.1879806005020973+0.2684879452390162j,0.18758209205623405-0.26941017675584106j,0.2782741081269415+0.4151676214697982j
66.75,0.2979014928267713+0.42628594126258673j,-0.18082712158847158+0.28453162501320456j,0.18037266793031748-0.2853971209297574j,0.29827448852190536+0.4261506799583653j
69.5,0.32118228025083334+0.43748103111025294j,-0.17153110627231444+0.3026083131283795j,0.17103202125648004-0.30344986143166125j,0.3215118487627622+0.43731776702348557j
72.0,0.34310102770680684+0.44656719336184114j,-0.1618104759452293+0.3193598374445807j,0.16127352020668537-0.32014745081215645j,0.343412165585735+0.4463967722136532j
75.0,0.3704410509801992+0.45582523560175014j,-0.1483747896275081+0.33962922511521576j,0.1477840785730878-0.340362467932483j,0.3707188582815649+0.45564899017510957j
77.75,0.3963405935072812+0.46280455395138675j,-0.13420989559173652+0.3583128115579115j,0.13357959196175778-0.3589854799134825j,0.3965939707040483+0.46262601570321477j
80.75,0.42535763410301014+0.4685154043203675j,-0.1165936703080292+0.37853987651326576j,0.11592978538596085-0.379155457714178j,0.425586183165664+0.46832585877403216j
84.0,0.4574859797847244+0.47239958213513733j,-0.09482030502506528+0.4000227308480043j,0.09411905883592106-0.4005602770203886j,0.45769396715370136+0.47220753038035845j
87.25,0.49000794822487764+0.473764874443769j,-0.07014830755369772+0.4206576997162995j,0.0694244011550298-0.42113365538581465j,0.4901869949031991+0.47356503255917193j
90.75,0.5251703872058799+0.47229889861395075j,-0.04021825909760629+0.44144282673436064j,0.03946985471582285-0.4418542952450564j,0.5253210615171591+0.47209335458761004j
94.25,0.560003800863116+0.4678231853640648j,-0.006842370080034799+0.46019906059610494j,0.006095159796290314-0.46052043972240614j,0.5601360464054581+0.46761516437735584j
97.75,0.5940947579447483+0.4604430796578549j,0.029885212043038956+0.4763146423042273j,-0.03064706978299621-0.4765775790402334j,0.5941963947059339+0.4602360166616031j
101.75,0.6316463175171755+0.4486420367844275j,0.07564305284093431+0.4907311133318265j,-0.0764077271475314-0.4909017605223378j,0.6317216851943712+0.448440968015957j
105.5,0.6656870424686664+0.4348453045943157j,0.12191903914547908+0.4997644360588762j,-0.12268307452737419-0.4998486418535747j,0.6657414845467415+0.4346503671340385j
109.75,0.7000195545352718+0.4161966922242059j,0.17696523745476828+0.50359928403765j,-0.17771625442836222-0.5035899252077548j,0.7000494292394182+0.4160081173301382j
114.0,0.7320072942955224+0.3956161400644736j,0.23432728174959633+0.5003203081041802j,-0.23504632980576923-0.50023205215035j,0.7320166516571069+0.3954375500775106j
118.5,0.7626400632148546+0.37256722279420085j,0.29614232985900735+0.4885037446341773j,-0.29681417758873874-0.4883390938504084j,0.7626319755822057+0.37240287854805143j
123.0,0.7899966374509205+0.3489927662660146j,0.3575115320158071+0.46769007441339966j,-0.3581368556062637-0.46745600257439407j,0.7899719372391696+0.34884078474880054j
127.75,0.8162811684588906+0.32455024797115684j,0.4202614006852556+0.43615066581334944j,-0.4208337201046023-0.43585154722471064j,0.8162416523621023+0.3244080046899811j
132.75,0.8420287257533648+0.2998406985913486j,0.48223955758856873+0.3926117666495853j,-0.48272580574327895-0.3922545240346175j,0.8419750907736088+0.299722110198844j
138.0,0.8684355343045671+0.27519973200684933j,0.5408613021724968+0.3362470252009806j,-0.5412804280899262-0.3358368919695042j,0.8683669466148127+0.2750913569219129j
143.25,0.8948400726931662+0.25137329404823233j,0.5903619218138231+0.2698722932488725j,-0.5906932930695483-0.26943717029942904j,0.8947674758302873+0.25128625503935453j
149.0,0.9282000276269537+0.22469538628875435j,0.6341915743400731+0.1876696260137808j,-0.63443453604052-0.18722145077339833j,0.9281267672240454+0.22462585595413265j
154.75,0.9641027307302584+0.19533596611179505j,0.6627029967550724+0.09731417503287054j,-0.6628628805050533-0.09685662445535347j,0.9640218191761084+0.19528182738680633j
160.75,1.0051172437363936+0.1585803260710695j,0.6748777235756258-0.002770306006951384j,-0.6749523403989744+0.0032243374151958827j,1.005027822502469+0.15854704600620328j
167.0,1.0495383176292195+0.11040175337097835j,0.6662046228214423-0.10895980787989845j,-0.666203219469543+0.10936375309122631j,1.0494715038426057+0.11037889444414928j
173.5,1.093440070864529+0.046856082290635065j,0.6331946742201011-0.21541501279614206j,-0.6331208922071131+0.21579522226313225j,1.0933609242331281+0.04685455985141185j
180.25,1.1301828607533884-0.03409795164252282j,0.574371002162378-0.3139807855074257j,-0.574250309513942+0.31429309800263944j,1.1301236382100903-0.03409790619152098j
187.25,1.15158736081747-0.13126553912414832j,0.49199145232933295-0.3954511961361734j,-0.49183043402888815+0.3957044023336405j,1.1515334766358076-0.131252984633073j
194.5,1.1503719573482052-0.23839238719018244j,0.3931275686482769-0.45148394509450723j,-0.39294049599236947+0.4516746935927638j,1.1503285526713614-0.2383655502057016j
202.25,1.1212834088887405-0.34939304732159987j,0.2847181188872574-0.47801502616956804j,-0.28453971733765787+0.478134541119023j,1.1212609060429437-0.34937613584486404j
210.0,1.0690679538798615-0.4475286331090164j,0.18519404078793356-0.4761574354675506j,-0.18502045624155247+0.47623457956376775j,1.0690470859649983-0.447500707531449j
218.25,0.9959002467016353-0.5304163928678028j,0.09676311719266567-0.45087368605879324j,-0.0966153500190599+0.4509101403302665j,0.9958853252118285-0.530396836870494j
226.75,0.912238642911399-0.5916986378617953j,0.02704760296087738-0.41116324243409225j,-0.026922618839997848+0.4111710728588986j,0.9122329132014048-0.5916800522346929j
235.5,0.8259207349314066-0.6320781494030581j,-0.023995188966835113-0.36499664895791467j,0.0240966260704729+0.364988541097655j,0.8259169856213256-0.6320624959863451j
244.75,0.7403916343103136-0.6550637635706826j,-0.05961476595825088-0.3169571953980723j,0.05969450988895832+0.3169385496833375j,0.7403916328136069-0.6550506245370578j
254.25,0.6612634925820856-0.6629210927503724j,-0.08165039646726058-0.27166999481879706j,0.08171142685061353+0.27164773839489786j,0.6612637299960381-0.6629117097568369j
264.25,0.5890640613508931-0.6612543743053559j,-0.09469018896926826-0.23100000403369703j,0.0947359516540797+0.2309771800317434j,0.5890639395729704-0.6612475584015479j
274.5,0.5254666273807744-0.6515154072943591j,-0.10043527655183035-0.19568013890419897j,0.10047042020748138+0.1956570824058351j,0.5254684139937028-0.6515091744926488j
285.25,0.4688052066879922-0.6366309537959999j,-0.10157347446560075-0.16510427555592513j,0.10159904854594959+0.1650832232675685j,0.46880723292815696-0.6366273757165973j
296.25,0.41987691532708915-0.6186757677172443j,-0.09965289686189854-0.13957800311120616j,0.09967244669324622+0.13955886964797268j,0.4198792338967904-0.6186724066313462j
307.75,0.3766236476633875-0.5987503823610163j,-0.09588983318961675-0.11789573765068527j,0.09590399525263085+0.11787956045182037j,0.376624533539202-0.5987477616261879j
319.75,0.33874785874965707-0.5776116887483186j,-0.0909292795432684-0.09968190503553297j,0.09093973489695747+0.09966770815990861j,0.3387495213330267-0.5776098355095023j
332.25,0.30541080459482006-0.5560236292045494j,-0.08541144624926933-0.0843606123935057j,0.08541885571102915+0.08434857377569563j,0.30541199504910843-0.5560225284950382j
345.25,0.2761173615774833-0.5344477079888013j,-0.07967971192755775-0.07151646221031809j,0.0796850219511895+0.07150642992545928j,0.2761185642327658-0.534446786611519j
358.5,0.25079979167343-0.5135699140258522j,-0.07407513768205053-0.06093026323193586j,0.07407890858541542+0.06092182978856885j,0.25080093260988356-0.5135691416757842j
372.5,0.2280398650882943-0.4928391676693691j,-0.0685470571967052-0.05186997367694418j,0.06854961792326557+0.05186290911804943j,0.22804077650889792-0.49283893498810066j
387.0,0.20798102811203437-0.47277090827397117j,-0.06328673602074006-0.044258793897208326j,0.06328852699596758+0.04425292829469448j,0.20798148599129396-0.4727703486821072j
402.0,0.19023220252087167-0.4534782398911688j,-0.05834936114565951-0.037851960974839186j,0.05835058570975068+0.03784706595887369j,0.19023281496399097-0.45347786773889043j
417.75,0.17429327678559695-0.43468766600656233j,-0.05367751215025198-0.032365221508944254j,0.053678238264373616+0.03236124599137434j,0.1742938012066137-0.4346872678795143j
434.0,0.16014872341155426-0.41677004205084733j,-0.049375653739735-0.02773032207389743j,0.0493760684748552+0.027726965815105864j,0.1601494263239608-0.4167699000853719j
451.0,0.14740975815781315-0.39944405608312256j,-0.045365958821251634-0.023747814550995346j,0.045366127002055244+0.023745105782107485j,0.14741014768036015-0.39944389139829506j
468.5,0.1361761008324722-0.38300278951000055j,-0.041700114293793805-0.020391452524896846j,0.04170014008691711+0.020389160527651645j,0.13617631402472496-0.38300260706673106j
486.75,0.12602431968674166-0.3671715883105216j,-0.03830691220069109-0.017488339428366736j,0.038306826471409726+0.017486469176072737j,0.126024491302547-0.3671713238467814j
505.75,0.11690626398056843-0.3519887368380134j,-0.035180500061302564-0.014990950855934763j,0.035180353769174735+0.014989409292024808j,0.11690662349327868-0.35198875946835245j
525.25,0.10879766450451427-0.3376105683296073j,-0.03234338587994768-0.012856307287366461j,0.03234320270772127+0.012855032370737577j,0.1087978699223775-0.3376106402090443j
545.75,0.10143118418579043-0.323652985618942j,-0.029699932748436797-0.010980091361379923j,0.029699708157399952+0.01097905379855054j,0.10143126839507405-0.3236528120719165j
567.0,0.0948245416202304-0.3103254741195078j,-0.027280363309308393-0.009354000314323485j,0.02728012665398455+0.009353134694069315j,0.09482464523385215-0.3103253753457163j
589.25,0.08885050589511996-0.29745518455791475j,-0.025040354958809942-0.007922337470538193j,0.025040120682289637+0.007921629236451275j,0.08885052260084178-0.2974551199165576j
612.0,0.0835880572340088-0.28530156205435203j,-0.023009422560260093-0.00668574486745991j,0.02300920637823855+0.0066851691950630876j,0.08358819944679402-0.2853016584136084j
636.0,0.07881669431172883-0.2734627801567883j,-0.021114157637996938-0.00557454845588147j,0.021113949647720752+0.0055740688784538354j,0.07881670104835606-0.2734628271235893j
660.75,0.07459951761386761-0.2621798792315611j,-0.01937706806349067-0.004590574601347959j,0.019376876468836242+0.004590188739570799j,0.07459968791553157-0.2621799323717856j
686.5,0.07089396055206647-0.2513465152373367j,-0.017770887540816214-0.0037083734908856802j,0.017770701591070005+0.0037080634018775024j,0.07089410871475624-0.251346491439263j
713.0,0.06767202474515033-0.24102234890870464j,-0.016299507727946205-0.002912797553440597j,0.016299332310389644+0.002912535029118353j,0.06767199862130782-0.24102230671402758j
740.75,0.0648770654145393-0.2310083703527722j,-0.014914747345794229-0.002171953682093811j,0.014914589312643181+0.0021717463744675425j,0.06487719355013077-0.231008326243056j
769.75,0.06252165033696733-0.22134957558379692j,-0.013615741430444707-0.0014749563093354179j,0.013615590630684059+0.0014747873489891292j,0.06252169536803537-0.2213495032094982j
799.75,0.06062970290957426-0.21209412835260688j,-0.012395658775735365-0.0008099953050149499j,0.012395527570846268+0.0008098526437395407j,0.06062973590465537-0.21209422458008956j
830.75,0.05921423480034248-0.20324842955759698j,-0.011236971542502493-0.00015732114177835488j,0.011236851990795393+0.00015720280037508525j,0.059214247419391075-0.20324852465717136j
863.25,0.05829535558146616-0.1946877191664484j,-0.01009832797738479+0.0005113273782756961j,0.010098219381808554-0.0005114179178525199j,0.05829543967677006-0.1946877714898849j
896.75,0.05793980035565078-0.18656490855553876j,-0.008970380692480932+0.0012066522964984446j,0.008970276663665087-0.0012067320277745304j,0.057939765149301964-0.18656496355959185j
931.75,0.05823265722257664-0.17881889570097834j,-0.007786266078485423+0.0019621070320656924j,0.007786172933864608-0.0019621664791922558j,0.05823273541693211-0.17881895150852234j
968.0,0.05934915434843522-0.17162202575093266j,-0.0064482439196815195+0.002774160315717292j,0.006448150679332624-0.0027742427991490713j,0.05934921793807148-0.17162197136834406j
1005.75,0.061326943113504354-0.16492799277605022j,-0.004878828056903864+0.0038068187953304135j,0.004878784473337522-0.003806858793376621j,0.06132697095554929-0.16492791675599108j
1044.75,0.06450741177491044-0.15941653155212818j,-0.0028989786699044106+0.004816622493418555j,0.002898900717890881-0.004816653442939566j,0.06450741593465073-0.1594166192068333j
1085.5,0.0690904414068689-0.15538798738015738j,4.215022903279915e-05+0.00582587824548956j,-4.224575043612658e-05-0.005825928382242372j,0.06909046949784707-0.15538803894647935j
1127.75,0.0750203184047225-0.15415667988555984j,0.0043726523734401255+0.006225567729625261j,-0.004372713984904504-0.006225593595351677j,0.07502030933353245-0.1541566492082843j
1171.75,0.08139695527115537-0.1573655658488799j,0.010642410524991302+0.004472468417007273j,-0.010642497480872065-0.004472455019395875j,0.08139697611285371-0.15736562121580672j
1217.25,0.08524144832030509-0.1663708707190792j,0.01741028823522793-0.0026133098222845194j,-0.01741036489307515+0.002613337920523299j,0.08524138845007664-0.16637092070451903j
1264.75,0.0824020409053938-0.179890062483543j,0.018152985708718244-0.016519846679951627j,-0.018153060145202314+0.016519900691096892j,0.08240207185560794-0.17989014287881716j
1314.0,0.06969212120867033-0.19378509690321194j,0.005693582803829915-0.028389327647671138j,-0.005693609504015661+0.028389405362442933j,0.06969203825401118-0.19378513575948494j
1365.0,0.046359883393983704-0.19991380579656673j,-0.011099907649972495-0.025189970642847163j,0.01109993149317675+0.02519002872064085j,0.04635982466421337-0.19991384762637376j
1418.25,0.022645919317560232-0.19108946397246027j,-0.017091329831731367-0.013488091891060714j,0.017091356728785857+0.013488133385356482j,0.022645953840930433-0.19108944928822066j
1473.5,0.008603348755802208-0.17502339055923277j,-0.015049132559002356-0.00549825429147857j,0.015049159674709227+0.005498273331570491j,0.00860339216395517-0.17502336051973885j
1530.75,0.0021939602777522453-0.15972511184018806j,-0.011715628017955362-0.0019150345173260825j,0.011715645147547513+0.0019150377162225288j,0.0021939053992590662-0.15972510969073897j
1590.5,-0.00045656707935518514-0.14696859427221326j,-0.009059416441295721-0.0004929675709656363j,0.009059428544800845+0.0004929706975033494j,-0.0004565234239011229-0.14696857319136716j
1652.25,-0.0014251769618456994-0.13657421819430487j,-0.007193301499267352+3.1197106265383814e-05j,0.007193310030784687-3.119566827601503e-05j,-0.0014251358262268587-0.1365741980486918j
1716.75,-0.001675749448679803-0.12784101071873716j,-0.005873688251455793+0.00020467420918672367j,0.005873692012414015-0.0002046746260880652j,-0.0016757551324405318-0.12784096577014545j
1783.5,-0.001620587806686929-0.12039385702146517j,-0.004922537818372448+0.00023963734850048195j,0.004922542740497107-0.00023963770760366895j,-0.001620548104548064-0.12039386372346256j
1853.0,-0.0014464410391878111-0.11385713603322588j,-0.004209941451758787+0.00022444383368403018j,0.004209942530529204-0.00022444399362227314j,-0.001446438718458301-0.11385709708226267j
1925.0,-0.0012341246389501103-0.10804446889808643j,-0.0036592953382407136+0.00019248628715318444j,0.0036592961380432438-0.00019248610041879013j,-0.0012341125442444228-0.10804443357907903j
2000.0,-0.0010255813936830803-0.10277063653663551j,-0.003219274425666452+0.0001584302444179184j,0.0032192750539514516-0.00015842978833295073j,-0.001025577059654753-0.10277060032051388j
