Freq_Hz,Re_Ydd,Im_Ydd,Mag_Ydd,Phase_Ydd_deg,Re_Yqd,Im_Yqd,Mag_Yqd,Phase_Yqd_deg,Re_Ydq,Im_Ydq,Mag_Ydq,Phase_Ydq_deg,Re_Yqq,Im_Yqq,Mag_Yqq,Phase_Yqq_deg,CondNum
0.1,-0.0024848971509012,0.00284532880787125,0.00377764607599215,131.131529315138,0.00312874810676008,0.00115557194722806,0.00333532775612461,20.2712068360516,-0.000423016540709092,0.000643511432813623,0.000770097369087396,123.319186336116,0.000652802550225432,0.000275672568397961,0.000708622984772549,22.8938905661037,3.18708596781538
0.2,-0.000812090148021759,3.21072906750083e-05,0.000812724606880148,177.7358983805,0.00378578095162891,4.562650340378e-05,0.00378605588859028,0.690499410859359,3.13237193410121e-05,-0.000210849779137511,0.000213163797948178,-81.5499747019634,0.000831580149820294,-4.83026491434841e-05,0.000832981807418038,-3.32431184833633,3.43360713888815
0.3,-0.000811223068033425,4.8549148108696e-05,0.000812674526419798,176.575112890189,0.00378685736374772,6.83906874483593e-05,0.00378747488169889,1.03464995680369,3.75530079702521e-05,-0.000317231840334843,0.000319446817060125,-83.2489054100705,0.000834696917070451,-7.26105275984852e-05,0.000837849170247871,-4.97166103050663,3.43332145612676
0.4,-0.000809872061012689,6.54511348338777e-05,0.000812512526832653,175.379589573482,0.00378834466976694,9.11010607361613e-05,0.00378943989795574,1.3775674919057,4.63211090215782e-05,-0.000424780431027262,0.000427298560405596,-83.7766468530278,0.000839075614450142,-9.71092515762206e-05,0.000844676324698744,-6.60167718005577,3.43279511490472
0.5,-0.000807959366423221,8.29156890376889e-05,0.000812202775961525,174.140613657393,0.0037902039597291,0.000113757901790406,0.00379191072107004,1.71914009101858,5.76559327950924e-05,-0.000533925474342653,0.000537029439359239,-83.8367980995251,0.000844724000097622,-0.000121863512343952,0.000853469010557344,-8.2090981431775,3.43187066538873
0.6,-0.000805376273798741,0.000101014231179798,0.000811686403297967,172.851014987323,0.00379240207574996,0.000136359784091764,0.00379485276326634,2.05924257682482,7.15907168266789e-05,-0.000645127774203571,0.000649087879862667,-83.6677169680617,0.000851655131700913,-0.000146941317594309,0.000864238516943587,-9.78921635287332,3.43034475780566
0.7,-0.000802014758366754,0.000119811398287584,0.000810914572441333,171.503529652887,0.00379490679716058,0.000158920927067261,0.00379823293916993,2.39799859381971,8.81522273512239e-05,-0.000758877626738205,0.000763980410449634,-83.3741419992174,0.00085988651496144,-0.00017240920500296,0.000877000429066191,-11.3376013425419,3.42795206015739
0.8,-0.000797781474955716,0.000139353478293361,0.00080986089774416,170.091753658178,0.00379768225342811,0.000181464594025908,0.00380201524153807,2.73568258803839,0.000107352946320753,-0.000875702686071781,0.000882258380224908,-83.0109464995456,0.000869440155399553,-0.00019833430826448,0.000891775017398418,-12.8502693343483,3.42435242638579
0.9,-0.000792585756304386,0.000159671998687563,0.000808509324783256,168.609817407438,0.00380069725712372,0.000204020306054867,0.00380616919298006,3.07267147185279,0.000129190223774042,-0.000996170632593617,0.0010045128387237,-82.610732998803,0.000880346322653445,-0.000224786209277286,0.00090859148559223,-14.3237547308271,3.41913132640039
1,-0.00078634333558332,0.000180798821370706,0.000806860616975037,167.051397811313,0.00380392668854608,0.000226627189495968,0.00381067161204584,3.40949031889199,0.000153641185491466,-0.00112088916138522,0.00113137002169497,-82.1950593584216,0.000892645216522816,-0.000251837769040576,0.000927490023933627,-15.7551001765656,3.41179539853381
1.1,-0.000778982204391757,0.000202765582923108,0.00080493922526933,165.409924683754,0.00380734913408288,0.000249330238248437,0.0038155042912447,3.74675425335644,0.000180656884858066,-0.00125051080097279,0.0012634928465948,-81.7795544074071,0.000906387442545884,-0.000279568840397808,0.000948523554017634,-17.1420110177339,3.40176781101834
1.2,-0.000770434136735623,0.000225605835080805,0.000802786865780745,163.678413039358,0.00381095079846473,0.000272176682967017,0.00382065781444372,4.08510687950021,0.000210159961400822,-0.00138573667474851,0.00140158244178466,-81.3762738985615,0.00092163557388116,-0.000308069946551567,0.000971760887776176,-18.4829461055547,3.38839386946443
1.3,-0.000760631988839206,0.000249364436637312,0.000800464643007379,161.848865322148,0.00381472529139551,0.00029521698548376,0.00382613148197114,4.42523100530714,0.000242040343929345,-0.00152731968988868,0.00154637930767684,-80.9949985191356,0.000938464134840488,-0.00033744533452638,0.000997288466881838,-19.7771593595318,3.37094914468268
1.4,-0.000749509755569159,0.000274097925363868,0.000798056731305561,159.912385021658,0.00381867068679861,0.000318502518785682,0.00383193027972689,4.76781327164387,0.000276149148680481,-0.00167607120775626,0.00169866802106429,-80.6440133902989,0.000956958401172357,-0.00036781686514598,0.00102521150396402,-21.024780527802,3.34865181007704
1.5,-0.000736992884771366,0.000299874104019438,0.000795665124575082,157.859146032928,0.00382279060362653,0.000342082815452328,0.00383806574354883,5.11349889914873,0.000312293687904787,-0.00183286910050268,0.00185928386404085,-80.3305080739512,0.00097721401861027,-0.000399328375005748,0.00105565637839837,-22.2268706129868,3.32068679322632
1.6,-0.000722991219437317,0.000326775501985947,0.000793409435336905,155.6781193026,0.00382709361206915,0.000366006322070739,0.00384455538955238,5.46290074124931,0.000350228564378227,-0.00199866565851205,0.00202911913445757,-80.0609023246973,0.000999335529970622,-0.000432148900464737,0.00108877186482502,-23.3854049132433,3.28623746775274
1.7,-0.000707396207569171,0.000354895351863917,0.000791429153656762,153.357424164174,0.00383158939051365,0.000390320194201379,0.00385141884394546,5.81659917231511,0.000389643582476508,-0.00217449829783379,0.00220913217545877,-79.8411074303809,0.00102343418990091,-0.000466476789647689,0.00112473025047704,-24.5032892856647,3.24452486124904
1.8,-0.000690070296953481,0.000384332081572095,0.000789878575265214,150.884542492766,0.00383628986789363,0.000415069411162493,0.0038586788628475,6.17512602570677,0.000430148342774913,-0.00236150187945138,0.00240035804067735,-79.6767329924706,0.00104962628929631,-0.0005025444245667,0.00116372945560599,-25.5843604678684,3.19485753102304
1.9,-0.000670837779975898,0.000415185435313557,0.000788924757337162,148.246392100911,0.0038412093113865,0.000440298024514655,0.00386636150977555,6.53898129641441,0.000471250483679231,-0.00256091825460296,0.00260391615170815,-79.5732928594586,0.00107803057335511,-0.000540622372574515,0.00120599438921433,-26.6333418718883,3.13668864658856
2,-0.000649480172987547,0.000447544438421241,0.000788746169224116,145.430011873818,0.00384636301262103,0.000466050159330697,0.00387449495752302,6.90864833985411,0.000512326801294728,-0.00277410691639428,0.00282101895330596,-79.536416192198,0.00110876473713601,-0.000581024807121317,0.0012517783624934,-27.655839281151,3.06967402854618
2.1,-0.000625724745353141,0.000481473349182402,0.00078952393435549,142.422974164357,0.00385176987883355,0.000492369104255571,0.00388311196520456,7.28457420356477,0.000552587001104705,-0.00300255153189557,0.00305297692350898,-79.5720223817598,0.00114194126384656,-0.000624115939991435,0.00130136488220133,-28.658344517938,2.99373035648807
2.2,-0.000599231434052752,0.000516995266970375,0.000791430614537173,139.213559960102,0.00385745681917225,0.000519297687448991,0.00389225425685019,7.66716393726906,0.000591026380114974,-0.00324785931015946,0.00330119709811173,-79.6865043886154,0.00117766117992567,-0.000670316570926002,0.00135506832298667,-29.6482316627803,2.90908523991756
2.3,-0.000569581637395693,0.000554065980480573,0.000794614593613946,135.7911067042,0.00386346199006977,0.000546876179494559,0.00390197541053406,8.05673864327339,0.00062636520483537,-0.00351174922878418,0.00356717199132517,-79.8869163937336,0.00121600458279331,-0.000720111022004957,0.00141323282915001,-30.6337769023338,2.81631100434977
2.4,-0.000536253552011902,0.000592532809378199,0.000799163939523677,132.14569905108,0.00386984334304125,0.000575137339209724,0.00391234845823246,8.45343940512593,0.00065697585679657,-0.00379602181226826,0.00385245361758321,-80.1811084961547,0.00125701786580815,-0.000774054188723281,0.00147622958988124,-31.6241860736372,2.71634147244251
2.5,-0.000498593130256771,0.00063207868683775,0.000805058119575089,128.266905397861,0.00387669090577989,0.000604097994328338,0.00392347636232309,8.85706953347404,0.000680792953659521,-0.00410249620505739,0.00415860002383768,-80.5778560527122,0.00130069529284065,-0.000832776040797851,0.00154444947439039,-32.6295873212423,2.61046743847972
2.6,-0.00045577582390771,0.000672131233142783,0.000812091125567069,124.141407962442,0.00388414132675481,0.000633745693181256,0.00393550345570048,9.26685684581544,0.000695206624047637,-0.00443289814574292,0.00448708125852995,-81.0869646043394,0.00134695169311342,-0.000896981593618052,0.00161828762674337,-33.6610151067225,2.50031237850864
2.7,-0.000406746370922978,0.000711713169004733,0.000819742792096261,119.74810561887,0.00389240270444023,0.000664012638337123,0.00394863414327094,9.68100669045528,0.000696947110570881,-0.00478866490605123,0.00483911633021771,-81.7192560128399,0.00139558635037835,-0.00096744012170222,0.0016981170897325,-34.7302451831879,2.3877999453078
2.8,-0.000350146985629465,0.000749209359577199,0.00082699309309297,115.049286043485,0.0039017905758867,0.000694736437169452,0.00396315889351022,10.0960386457519,0.000681975500077145,-0.00517061719747956,0.00521539766322539,-82.486376059314,0.00144623452448767,-0.00104495529278227,0.00178424377923359,-35.8494348038567,2.27512328385598
2.9,-0.000284232772479456,0.000781992508621866,0.000832046003831566,109.974813905858,0.00391278013860945,0.000725592079050825,0.00397948894687219,10.5056788837874,0.0006454208472078,-0.00557842448309393,0.00561563778956516,-83.400252239712,0.00149830459664121,-0.00113029993990357,0.00187683100423618,-37.0303891434564,2.1647289337037
3,-0.000206773985614052,0.000805801811731811,0.000831908673423344,104.391944581697,0.00392608564397599,0.000755976049739109,0.00399820563148189,10.8990307589958,0.000581655094357321,-0.00600975216452708,0.0060378343574356,-84.4718348014664,0.00155090512540974,-0.00122408928277174,0.00197577865162544,-38.2831186882805,2.05933478134518
3.1,-0.000114984342711602,0.000813773389555588,0.000821856756751205,98.0425231749489,0.00394278114938326,0.000784814490038418,0.00402013146249053,11.2576399799615,0.000484672937632692,-0.00645891585673602,0.00647707510384661,-85.7086039057211,0.00160277315806764,-0.00132654739350826,0.00208053113013136,-39.6131160839753,1.96199578782015
3.2,-5.49590610934348e-06,0.00079487450900124,0.00079489350861856,90.3961470689297,0.00396448719182567,0.000810237443679002,0.00404643588967986,11.550692179338,0.00034911805813935,-0.00691483603060368,0.00692364360352654,-87.1096898268926,0.00165223610917002,-0.00143709888869418,0.00218978021187774,-41.0164285734513,1.87624000169966
3.3,0.00012558010395686,0.000731390896341255,0.000742093663738399,80.2572925591011,0.00399367192647711,0.000829018651747391,0.00407880955442596,11.7270836097041,0.000172518264900108,-0.00735800924089462,0.00736003142254263,-88.6568707024165,0.001697276490736,-0.00155367744913425,0.00230101305992674,-42.470811816883,1.80632620910647
3.4,0.000282571823349469,0.000594918384026019,0.000658615759759189,64.5934141543893,0.00403418272173584,0.000835631475036483,0.00411981919438506,11.7026201246315,-4.03498222439622e-05,-0.00775616681571986,0.00775627177073039,-90.2980665215051,0.00173583578262058,-0.00167159572979723,0.00240984608390294,-43.919934882495,1.75779909921271
3.5,0.000470634483451811,0.000339829106046357,0.00058050033447899,35.8317657647961,0.00409232142531515,0.000820620415969778,0.00417378874827175,11.3389560314041,-0.000269825260421986,-0.00805806351205306,0.00806257981265567,-91.9178397331344,0.001766535610284,-0.00178175163149173,0.00250904103966533,-45.2456983870895,1.73898225923809
3.6,0.000698795750027471,-0.00010775275354852,0.000707054563774073,-8.76584211453085,0.00417943606865126,0.000767747804026102,0.00424936731085111,10.4089881484417,-0.00046945055822416,-0.00818383319898981,0.00819728672522224,-93.2830692816848,0.00178997258445075,-0.00186780736413262,0.00258702651756671,-46.2190267070737,1.7656608193975
3.7,0.000993285537032215,-0.000869397114447463,0.0013200255681944,-41.1948190222618,0.00431936765402497,0.00064881978275977,0.00436782600856967,8.54263076178446,-0.000551490571081991,-0.00800613663742617,0.00802510845454003,-93.9405081945771,0.00181015482167742,-0.00190158795878466,0.00262539468336417,-46.4111089921417,1.87674345975633
3.8,0.00144737376025202,-0.00214830831459313,0.00259038981939322,-56.0307788031468,0.00457442929318263,0.000414405320540062,0.00459316177899486,5.17639222100579,-0.000383281746769792,-0.00730273177419852,0.0073127830723532,-93.0043956158658,0.00183369720861681,-0.00183515557040076,0.00259427088417189,-45.022774958783,2.19294996954652
